<?xml version="1.0" encoding="utf-8"?>
<ApplicationInstallerManifest>
   <DefaultInstallationDirectory>/Applications/DQMP_-_University_of_Geneva/InteractiveXRDFit/</DefaultInstallationDirectory>
   <ApplicationName>InteractiveXRDFit</ApplicationName>
   <ExecutableName>application/InteractiveXRDFit.exe</ExecutableName>
   <GUID>5f5dbbf2-f5b9-4d69-96b0-879141278833</GUID>
   <ApplicationIcon>default_icon_48.png</ApplicationIcon>
   <Logo>logo5197390300682381169.tmp</Logo>
   <Version>4.0</Version>
   <InstallationNotes>In the following directions, replace MCR_ROOT by the directory where the MATLAB Runtime is installed on the target machine.

If the environment variable DYLD_LIBRARY_PATH is undefined, set it to the concatenation of the following strings:

    MCR_ROOT/v90/runtime/maci64:
    MCR_ROOT/v90/sys/os/maci64:
    MCR_ROOT/v90/bin/maci64

If it is defined, set it to the concatenation of these strings:

    ${LD_LIBRARY_PATH}: 
    MCR_ROOT/v90/runtime/maci64:
    MCR_ROOT/v90/sys/os/maci64:
    MCR_ROOT/v90/bin/maci64</InstallationNotes>
   <AuthorOrganization>DQMP - University of Geneva</AuthorOrganization>
   <Summary>Matlab program simulating X-ray diffractogram of epitaxial heterostructres</Summary>
   <WelcomePanelText>InteractiveXRDFit 4.0
Matlab program simulating X-ray diffractogram of epitaxial heterostructres

This program was developed to allow the user to simulate the (00L) diffractogram of heterostructures combining different materials grown on different substrates. The user can choose the substrate and the different materials composing an heterostructure among a long list of compounds (mainly perovskite oxides), choose between (001) or (111) substrate orientation, and play with the different structural parameters (unit-cell size and number of layers). It is possible to build a
superlattice composed of up to three different materials, and add a top and/or bottom layer (to simulate electrodes, spacers or capping layers). The simulation is quick and allows the user to compare it directly to the measurements, so as to rapidly determine the crystalline parameters of the sample. A paper describing this program is under preparation.

C�line Lichtensteiger
celine.lichtensteiger@unige.ch</WelcomePanelText>
   <MCRProducts>
      <MCRProduct>
         <ExternalProductIdentifier>35000</ExternalProductIdentifier>
      </MCRProduct>
      <MCRProduct>
         <ExternalProductIdentifier>35010</ExternalProductIdentifier>
      </MCRProduct>
   </MCRProducts>
</ApplicationInstallerManifest>